weldBeadWidth,Speed,ArcCurrent,FeedSpeed,SystemTime
5.8,1.0,50.0,83.0,0.0
4.7,1.6,50.0,85.0,42396.5
4.1000000000000005,1.9000000000000001,50.0,87.0,79148.7
