Xx,Xy,Xz,0,Yx,Yy,Yz,0,Zx,Zy,Zz,0,Px,Py,Pz,1
0.9461547750003523,0.298668255044473,0.12485357492968502,0.0,0.3213919563739074,-0.912805168919898,-0.2519800269292565,0.0,0.03870855360492394,0.2785390403907611,-0.9596445440140889,0.0,958.521,-37.126,-164.943,1.0
0.9461547750003523,0.298668255044473,0.12485357492968502,0.0,0.3213919563739074,-0.912805168919898,-0.2519800269292565,0.0,0.03870855360492394,0.2785390403907611,-0.9596445440140889,0.0,958.52296,-28.012489999999996,-164.9381,1.0
