weldBeadWidth,Speed
6.3,1.5
7.300000000000001,1.0
5.1000000000000005,2.0
